nome,email,cpf,telefone,data_nascimento
Ana Souza,ana.souza@gmail.com,123.456.789-10,(11) 98765-4321,15/03/1998
Bruno Lima,bruno.lima@hotmail,987.654.321-00,(21) 99876-5432,02/07/2001
Carla Mendes,carla_mendes@outlook.com,111.222.333-44,(31) 3456-7890,29/02/2003
Diego Alves,diego@empresa.com.br,12345678900,11987654321,10/10/1985
Eduarda Rocha,eduarda.rocha@yahoo.com,222.333.444-5,(41) 99123-4567,20/12/1999
Felipe Costa,felipe costa@gmail.com,333.444.555-66,(51) 98888-7777,05/06/1990
Gabriela Nunes,gabi.nunes@gmail.com,444.555.666-77,(61) 97777-6666,12/01/1890
Henrique Dias,henrique.dias@uol.com.br,555.666.777-88,1234-5678,30/08/2000
Isabela Martins,isa.martins@gmail.com,666.777.888-99,(71) 96666-5555,14/09/2030
João Pedro,joao.pedro@ufrn.br,777.888.999-00,(84) 99999-1234,07/04/2004
